x,y
-2.8279658974152655,3.0051440039303587e-05
-2.821933253103043,3.110563500231715e-05
-2.81590060879082,3.219455486016514e-05
-2.8098679644785975,3.331925996737212e-05
-2.803835320166375,3.44808401065446e-05
-2.797802675854152,3.568041520567614e-05
-2.7917700315419296,3.691913606974057e-05
-2.785737387229707,3.819818512675974e-05
-2.779704742917484,3.9518777188527974e-05
-2.7736720986052616,4.0882160226178116e-05
-2.767639454293039,4.228961616077212e-05
-2.7616068099808166,4.374246166909615e-05
-2.7555741656685937,4.5242049004841294e-05
-2.749541521356371,4.678976683534763e-05
-2.7435088770441487,4.8387041094089614e-05
-2.7374762327319258,5.003533584907701e-05
-2.7314435884197033,5.173615418734376e-05
-2.7254109441074807,5.349103911569884e-05
-2.719378299795258,5.530157447790476e-05
-2.7133456554830353,5.7169385888450664e-05
-2.707313011170813,5.909614168308606e-05
-2.70128036685859,6.108355388627322e-05
-2.6952477225463674,6.313337919571723e-05
-2.689215078234145,6.524741998412919e-05
-2.683182433921922,6.742752531837318e-05
-2.6771497896096994,6.967559199614386e-05
-2.671117145297477,7.199356560032126e-05
-2.6650845009852544,7.438344157113943e-05
-2.6590518566730315,7.68472662963077e-05
-2.653019212360809,7.938713821921299e-05
-2.6469865680485865,8.200520896533403e-05
-2.6409539237363635,8.47036844869842e-05
-2.634921279424141,8.748482622650238e-05
-2.6288886351119185,9.035095229800505e-05
-2.6228559907996956,9.33044386878018e-05
-2.616823346487473,9.634772047357445e-05
-2.6107907021752506,9.948329306241796e-05
-2.6047580578630276,0.0001027137134478256
-2.598725413550805,0.00010604160148570107
-2.5926927692385826,0.00010946964118947344
-2.5866601249263597,0.00011300058204437985
-2.580627480614137,0.00011663724034097489
-2.5745948363019147,0.00012038250052792248
-2.5685621919896917,0.0001242393165841096
-2.562529547677469,0.00012821071341011998
-2.5564969033652467,0.00013229978823909672
-2.550464259053024,0.00013650971206700837
-2.5444316147408013,0.00014084373110233216
-2.5383989704285788,0.00014530516823514964
-2.5323663261163563,0.00014989742452565223
-2.5263336818041333,0.00015462398071202903
-2.520301037491911,0.00015948839873771266
-2.5142683931796883,0.0001644943232979416
-2.5082357488674654,0.00016964548340558613
-2.502203104555243,0.0001749456939761755
-2.4961704602430204,0.0001803988574320575
-2.4901378159307974,0.0001860089653255941
-2.484105171618575,0.00019178009998130515
-2.4780725273063524,0.00019771643615684636
-2.47203988299413,0.0002038222427226942
-2.466007238681907,0.00021010188436040687
-2.4599745943696845,0.00021655982327930753
-2.4539419500574615,0.00022320062095143077
-2.447909305745239,0.0002300289398645446
-2.4418766614330165,0.0002370495452930688
-2.435844017120794,0.00024426730708667114
-2.429811372808571,0.0002516872014763253
-2.4237787284963486,0.0002593143128975875
-2.417746084184126,0.00026715383583084666
-2.411713439871903,0.00027521107665826945
-2.4056807955596806,0.000283491455537155
-2.399648151247458,0.0002920005082894047
-2.393615506935235,0.0003007438883067734
-2.3875828626230127,0.00030972736847157436
-2.38155021831079,0.0003189568430924793
-2.3755175739985672,0.0003284383298550392
-2.3694849296863447,0.000338177971786526
-2.363452285374122,0.00034818203923470543
-2.3574196410618997,0.00035845693186008226
-2.3513869967496768,0.0003690091806411903
-2.3453543524374543,0.00037984544989244314
-2.3393217081252313,0.0003909725392940712
-2.333289063813009,0.00040239738593361154
-2.3272564195007863,0.00041412706635844606
-2.321223775188564,0.0004261687986388156
-2.315191130876341,0.0004385299444407455
-2.3091584865641184,0.0004512180111082818
-2.303125842251896,0.0004642406537544344
-2.297093197939673,0.00047760567736016864
-2.2910605536274504,0.0004913210388807931
-2.285027909315228,0.0005053948493590663
-2.2789952650030054,0.0005198353760443001
-2.2729626206907825,0.0005346510445167336
-2.26692997637856,0.0005498504408164297
-2.260897332066337,0.0005654423135759098
-2.2548646877541145,0.0005814355761557162
-2.248832043441892,0.0005978393087820986
-2.2427993991296695,0.0006146627606859417
-2.2367667548174466,0.000631915352242088
-2.230734110505224,0.0006496066771081254
-2.224701466193001,0.0006677465043617468
-2.2186688218807786,0.0006863447806356946
-2.212636177568556,0.0007054116322493431
-2.2066035332563336,0.0007249573673358935
-2.2005708889441107,0.0007449924779641689
-2.194538244631888,0.0007655276422539399
-2.1885056003196657,0.0007865737264837232
-2.1824729560074427,0.0008081417871899156
-2.1764403116952202,0.0008302430732561576
-2.1704076673829977,0.0008528890279917541
-2.1643750230707752,0.0008760912911979665
-2.1583423787585523,0.0008998617012209706
-2.15230973444633,0.0009242122969902317
-2.146277090134107,0.0009491553200410495
-2.1402444458218843,0.0009747032165199501
-2.134211801509662,0.0010008686391716575
-2.1281791571974393,0.0010276644493062322
-2.1221465128852164,0.0010551037187450762
-2.116113868572994,0.001083199731744348
-2.110081224260771,0.0011119659868944146
-2.1040485799485484,0.0011414161989938435
-2.098015935636326,0.0011715643008965038
-2.0919832913241034,0.001202424445330238
-2.0859506470118805,0.0012340110066856014
-2.079918002699658,0.001266338582773097
-2.0738853583874355,0.00129942199654736
-2.0678527140752125,0.0013332762977966495
-2.06182006976299,0.0013679167647960336
-2.0557874254507675,0.0014033589059226491
-2.049754781138545,0.0014396184612312974
-2.043722136826322,0.0014767114039887263
-2.0376894925140996,0.0015146539421648404
-2.0316568482018766,0.001553462519879143
-2.025624203889654,0.0015931538188005538
-2.0195915595774316,0.0016337447594989038
-2.013558915265209,0.001675252502746229
-2.007526270952986,0.0017176944507660496
-2.0014936266407637,0.0017610882484287737
-1.995460982328541,0.0018054517843913583
-1.9894283380163182,0.001850803192179302
-1.9833956937040957,0.0018971608512091097
-1.9773630493918732,0.0019445433877492058
-1.9713304050796503,0.0019929696758174318
-1.9652977607674278,0.0020424588380130847
-1.9592651164552053,0.0020930302462815855
-1.9532324721429826,0.002144703522609678
-1.9471998278307598,0.002197498539649214
-1.9411671835185373,0.002251435421267472
-1.9351345392063146,0.002306534543021946
-1.929101894894092,0.0023628165325575348
-1.9230692505818694,0.0024203022699241118
-1.9170366062696467,0.0024790128878123346
-1.911003961957424,0.002538969771705601
-1.9049713176452014,0.002600194559946115
-1.8989386733329787,0.0026627091437128616
-1.892906029020756,0.0027265356669094023
-1.8868733847085335,0.0027916965259594272
-1.880840740396311,0.0028582143695078136
-1.874808096084088,0.002926112098025159
-1.8687754517718655,0.002995412863313578
-1.862742807459643,0.003066140067911691
-1.85671016314742,0.0031383173643965956
-1.8506775188351976,0.0032119686545806765
-1.844644874522975,0.0032871180886012243
-1.8386122302107524,0.0033637900639005673
-1.8325795858985297,0.0034420092240946883
-1.8265469415863071,0.003521800457728168
-1.8205142972740844,0.003603188896913338
-1.8144816529618617,0.0036861999158515056
-1.8084490086496392,0.003770859129234183
-1.8024163643374165,0.003857192390522214
-1.7963837200251938,0.003945225790100684
-1.7903510757129713,0.004034985653307605
-1.7843184314007485,0.004126498538334284
-1.778285787088526,0.004219791233995327
-1.7722531427763033,0.0043148907573663225
-1.7662204984640806,0.00441182435128712
-1.760187854151858,0.004510619481728809
-1.7541552098396354,0.004611303835022403
-1.7481225655274126,0.004713905314947288
-1.7420899212151901,0.004818452039677568
-1.7360572769029674,0.004924972338584444
-1.730024632590745,0.005033494748892679
-1.7239919882785222,0.005144048012189517
-1.7179593439662995,0.00525666107078407
-1.711926699654077,0.005371363063915599
-1.7058940553418542,0.005488183323808889
-1.6998614110296315,0.005607151371575059
-1.693828766717409,0.005728296912956181
-1.6877961224051863,0.00585164983391217
-1.6817634780929638,0.005977240196048286
-1.675730833780741,0.00610509823188189
-1.6696981894685183,0.006235254339946863
-1.6636655451562958,0.0063677390797344
-1.657632900844073,0.00650258316646878
-1.6516002565318504,0.00663981746571676
-1.6455676122196279,0.006779472987829478
-1.6395349679074052,0.006921580882215554
-1.6335023235951824,0.007066172431444314
-1.62746967928296,0.007213279045178076
-1.6214370349707372,0.007362932253932488
-1.6154043906585147,0.007515163702663927
-1.609371746346292,0.007670005144183209
-1.6033391020340693,0.007827488432394603
-1.5973064577218468,0.007987645515359607
-1.591273813409624,0.00815050842818477
-1.5852411690974013,0.008316109285732804
-1.5792085247851788,0.008484480275156735
-1.573175880472956,0.008655653648256474
-1.5671432361607336,0.008829661713657438
-1.5611105918485109,0.009006536828811095
-1.5550779475362881,0.009186311391817041
-1.5490453032240656,0.009369017833066625
-1.543012658911843,0.009554688606708097
-1.5369800145996202,0.009743356181933217
-1.5309473702873977,0.00993505303408564
-1.524914725975175,0.010129811635591172
-1.5188820816629525,0.010327664446710353
-1.5128494373507297,0.010528643906113706
-1.506816793038507,0.010732782421280186
-1.5007841487262845,0.010940112358719539
-1.4947515044140618,0.011150666034019208
-1.488718860101839,0.011364475701716578
-1.4826862157896166,0.011581573544997616
-1.4766535714773938,0.011801991665222838
-1.4706209271651711,0.01202576207128173
-1.4645882828529486,0.012252916668776892
-1.458555638540726,0.012483487249039315
-1.4525229942285034,0.01271750547797614
-1.4464903499162807,0.012955002884752527
-1.440457705604058,0.013196010850309295
-1.4344250612918354,0.013440560595718168
-1.4283924169796127,0.013688683170376503
-1.42235977266739,0.013940409440043496
-1.4163271283551675,0.014195770074720037
-1.4102944840429448,0.014454795536374507
-1.4042618397307223,0.014717516066516813
-1.3982291954184995,0.014983961673623189
-1.3921965511062768,0.01525416212041438
-1.3861639067940543,0.015528146910989969
-1.3801312624818316,0.015805945277821625
-1.3740986181696089,0.01608758616860827
-1.3680659738573864,0.016373098232996354
-1.3620333295451637,0.016662509809168346
-1.3560006852329411,0.016955848910302714
-1.3499680409207184,0.01725314321090917
-1.3439353966084957,0.01755442003304236
-1.3379027522962732,0.01785970633239798
-1.3318701079840505,0.01816902868429512
-1.3258374636718278,0.018482413269548657
-1.3198048193596053,0.018799885860235937
-1.3137721750473825,0.0191214718053619
-1.30773953073516,0.01944719601642679
-1.3017068864229373,0.019777082952901363
-1.2956742421107146,0.020111156607613534
-1.289641597798492,0.02044944049205173
-1.2836089534862694,0.020791957621589398
-1.2775763091740466,0.02113873050063576
-1.2715436648618241,0.021489781107717803
-1.2655110205496014,0.021845130880498758
-1.2594783762373787,0.022204800700738256
-1.2534457319251562,0.022568810879199593
-1.2474130876129335,0.022937181140509782
-1.241380443300711,0.02330993060797768
-1.2353477989884882,0.02368707778837639
-1.2293151546762655,0.024068640556695383
-1.223282510364043,0.0244546361408686
-1.2172498660518203,0.02484508110648456
-1.2112172217395976,0.025239991341484396
-1.205184577427375,0.02563938204085462
-1.1991519331151523,0.02604326769132054
-1.1931192888029298,0.02645166205604704
-1.187086644490707,0.026864578159353416
-1.1810540001784844,0.02728202827144864
-1.1750213558662619,0.02770402389319423
-1.1689887115540392,0.028130575740901404
-1.1629560672418164,0.028561693731169357
-1.156923422929594,0.028997386965772073
-1.1508907786173712,0.029437663716600584
-1.1448581343051487,0.0298825314106678
-1.138825489992926,0.030331996615183612
-1.1327928456807033,0.030786065022707133
-1.1267602013684808,0.031244741436384053
-1.120727557056258,0.03170802975527626
-1.1146949127440353,0.032175932959791445
-1.1086622684318128,0.03264845309722041
-1.10262962411959,0.033125591267389856
-1.0965969798073676,0.033607347608438
-1.0905643354951449,0.0340937212827216
-1.0845316911829221,0.0345847104628615
-1.0784990468706996,0.03508031231793514
-1.072466402558477,0.03558052299982393
-1.0664337582462542,0.03608533762972308
-1.0604011139340317,0.03659475028482257
-1.054368469621809,0.03710875398516693
-1.0483358253095862,0.037627340680701844
-1.0423031809973637,0.0381505012385161
-1.036270536685141,0.038678225430286796
-1.0302378923729185,0.039210501919935664
-1.0242052480606958,0.039747318251505424
-1.018172603748473,0.04028866083726349
-1.0121399594362506,0.04083451494604183
-1.0061073151240278,0.041384864691820886
-1.0000746708118051,0.041939693022565595
-0.9940420264995826,0.04249898170932193
-0.9880093821873599,0.04306271133558199
-0.9819767378751374,0.04363086128692546
-0.9759440935629147,0.04420340974094607
-0.969911449250692,0.04478033365747046
-0.9638788049384694,0.045361608769077966
-0.9578461606262467,0.04594720957192914
-0.951813516314024,0.046537109316910526
-0.9457808720018015,0.04713128000110425
-0.9397482276895788,0.047729692359589695
-0.9337155833773563,0.048332315857585004
-0.9276829390651335,0.04893911868293658
-0.9216502947529108,0.04955006773896338
-0.9156176504406883,0.050165128637664286
-0.9095850061284656,0.05078426569329557
-0.9035523618162429,0.051407441916325666
-0.8975197175040204,0.05203461900777497
-0.8914870731917977,0.052665757353947414
-0.8854544288795749,0.05330081602156085
-0.8794217845673524,0.053939752753283464
-0.8733891402551297,0.05458252396368288
-0.8673564959429072,0.05522908473559432
-0.8613238516306845,0.05587938881691514
-0.8552912073184618,0.05653338861783122
-0.8492585630062393,0.057191035208482364
-0.8432259186940165,0.05785227831707243
-0.8371932743817938,0.05851706632843003
-0.8311606300695713,0.05918534628302614
-0.8251279857573488,0.05985706387645398
-0.8190953414451259,0.0605321634593768
-0.8130626971329034,0.06121058803794857
-0.8070300528206809,0.06189227927471383
-0.8009974085084579,0.06257717748999028
-0.7949647641962354,0.0632652216637399
-0.7889321198840129,0.06395634943793331
-0.78289947557179,0.06465049711941098
-0.7768668312595675,0.06534759968324638
-0.770834186947345,0.066047590776615
-0.764801542635122,0.06675040272317259
-0.7587688983228995,0.06745596652794662
-0.752736254010677,0.06816421188274481
-0.7467036096984545,0.06887506717208294
-0.7406709653862316,0.06958845947963595
-0.7346383210740091,0.07030431459521404
-0.7286056767617866,0.07102255702226781
-0.7225730324495636,0.07174310998592304
-0.7165403881373411,0.07246589544154802
-0.7105077438251186,0.07319083408385589
-0.7044750995128957,0.07391784535654197
-0.6984424552006732,0.07464684746245877
-0.6924098108884507,0.07537775737432936
-0.6863771665762277,0.07611049084599966
-0.6803445222640052,0.07684496242423021
-0.6743118779517827,0.07758108546102847
-0.6682792336395598,0.07831877212652072
-0.6622465893273373,0.0790579334223635
-0.6562139450151148,0.07979847919569524
-0.6501813007028918,0.08054031815362545
-0.6441486563906693,0.08128335787826176
-0.6381160120784468,0.08202750484227343
-0.6320833677662243,0.0827726644249891
-0.6260507234540014,0.08351874092902724
-0.6200180791417789,0.0842656375974573
-0.6139854348295564,0.08501325663148915
-0.6079527905173334,0.0857614992086877
-0.6019201462051109,0.08651026550170991
-0.5958875018928884,0.08725945469756145
-0.5898548575806655,0.08800896501736845
-0.583822213268443,0.08875869373666101
-0.5777895689562205,0.089508537206165
-0.5717569246439975,0.09025839087309624
-0.565724280331775,0.09100814930295355
-0.5596916360195525,0.09175770620180555
-0.5536589917073296,0.09250695443906534
-0.5476263473951071,0.09325578607074786
-0.5415937030828846,0.09400409236320448
-0.5355610587706621,0.094751763817328
-0.5295284144584391,0.09549869019322192
-0.5234957701462166,0.09624476053532749
-0.5174631258339941,0.09698986319800149
-0.5114304815217712,0.09773388587153718
-0.5053978372095487,0.09847671560862131
-0.49936519289732617,0.09921823885121932
-0.4933325485851032,0.09995834145788043
-0.4872999042728807,0.10069690873145447
-0.4812672599606582,0.10143382544721191
-0.4752346156484353,0.10216897588135826
-0.4692019713362128,0.10290224383993316
-0.4631693270239903,0.1036335126880859
-0.45713668271176733,0.1043626653797167
-0.4511040383995448,0.10508958448747402
-0.4450713940873223,0.10581415223309873
-0.4390387497750994,0.10653625051810335
-0.4330061054628769,0.1072557609547768
-0.4269734611506544,0.10797256489750354
-0.4209408168384319,0.10868654347438582
-0.41490817252620893,0.10939757761915801
-0.40887552821398643,0.11010554810338125
-0.4028428839017639,0.11081033556890714
-0.396810239589541,0.11151182056059807
-0.3907775952773185,0.11220988355929198
-0.384744950965096,0.1129044050150001
-0.37871230665287303,0.1135952653803239
-0.37267966234065053,0.11428234514407921
-0.36664701802842803,0.11496552486511509
-0.3606143737162051,0.11564468520631309
-0.3545817294039826,0.11631970696875477
-0.3485490850917601,0.11699047112604383
-0.34251644077953713,0.11765685885876892
-0.33648379646731463,0.11831875158909358
-0.33045115215509213,0.11897603101546005
-0.32441850784286963,0.11962857914739183
-0.3183858635306467,0.12027627834038207
-0.3123532192184242,0.12091901133085244
-0.3063205749062017,0.12155666127116933
-0.30028793059397874,0.12218911176470182
-0.29425528628175623,0.12281624690090726
-0.28822264196953373,0.12343795129043049
-0.2821899976573108,0.12405411010020082
-0.2761573533450883,0.12466460908851254
-0.2701247090328658,0.12526933464007456
-0.26409206472064284,0.12586817380101328
-0.25805942040842034,0.12646101431381437
-0.25202677609619784,0.12704774465218835
-0.2459941317839749,0.12762825405584485
-0.2399614874717524,0.1282024325651601
-0.2339288431595299,0.12877017105572353
-0.22789619884730694,0.12933136127274725
-0.22186355453508444,0.12988589586532376
-0.21583091022286194,0.1304336684205173
-0.20979826591063944,0.13097457349727265
-0.2037656215984165,0.13150850666012748
-0.197732977286194,0.1320353645127122
-0.1917003329739715,0.13255504473102317
-0.18566768866174854,0.13306744609645363
-0.17963504434952604,0.13357246852856797
-0.17360240003730354,0.13407001311760433
-0.1675697557250806,0.13455998215669077
-0.1615371114128581,0.1350422791737601
-0.1555044671006356,0.13551680896314972
-0.14947182278841264,0.13598347761687074
-0.14343917847619014,0.136442192555533
-0.13740653416396764,0.13689286255891128
-0.1313738898517447,0.13733539779613896
-0.1253412455395222,0.13776970985551443
-0.1193086012272997,0.13819571177390763
-0.11327595691507675,0.13861331806575172
-0.10724331260285425,0.1390224447516072
-0.10121066829063174,0.13942300938628507
-0.09517802397840924,0.13981493108651546
-0.0891453796661863,0.14019813055814906
-0.0831127353539638,0.14057253012287843
-0.0770800910417413,0.14093805374446683
-0.07104744672951835,0.14129462705447163
-0.06501480241729585,0.1416421773774508
-0.058982158105073346,0.14198063375563996
-0.0529495137928504,0.14230992697308875
-0.0469168694806279,0.14262998957924436
-0.0408842251684054,0.14294075591197195
-0.03485158085618245,0.14324216212000004
-0.02881893654395995,0.1435341461847804
-0.02278629223173745,0.14381664794175253
-0.016753647919514503,0.14408960910100166
-0.010721003607292001,0.1443529732673007
-0.0046883592950695,0.14460668595952703
0.0013442850171530019,0.14485069462944364
0.0073769293293759475,0.14508494867983676
0.013409573641598449,0.14530939948200014
0.01944221795382095,0.14552400039255844
0.025474862266043896,0.1457287067696211
0.0315075065782664,0.14592347598825858
0.0375401508904889,0.14610826745529443
0.043572795202711845,0.14628304262340477
0.049605439514934346,0.14644776500451942
0.05563808382715685,0.1466024001825173
0.061670728139379793,0.1467469158252107
0.0677033724516023,0.14688128169561177
0.0737360167638248,0.14700546966247632
0.07976866107604774,0.14711945371011975
0.08580130538827024,0.14722320994749988
0.09183394970049275,0.14731671661656268
0.09786659401271569,0.14739995409984671
0.10389923832493819,0.14747290492734239
0.1099318826371607,0.14753555378260283
0.1159645269493832,0.14758788750810353
0.12199717126160614,0.14762989510984764
0.12802981557382864,0.1476615677612153
0.13406245988605114,0.14768289880605454
0.1400951041982741,0.14769388376101253
0.1461277485104966,0.1476945203171063
0.1521603928227191,0.14768480834053144
0.15819303713494204,0.1476647498727089
0.16422568144716454,0.14763434912957005
0.17025832575938704,0.14759361250007974
0.17629097007161,0.1475425485439985
0.1823236143838325,0.14748116798888503
0.188356258696055,0.14740948372634005
0.19438890300827794,0.1473275108074939
0.20042154732050044,0.1472352664377396
0.20645419163272294,0.1471327699707142
0.21248683594494544,0.14702004290153145
0.21851948025716839,0.14689710885926877
0.2245521245693909,0.14676399359871262
0.2305847688816134,0.14662072499136594
0.23661741319383633,0.1464673330157223
0.24265005750605884,0.1463038497468114
0.24868270181828134,0.14613030934502103
0.2547153461305043,0.1459467480442009
0.2607479904427268,0.14575320413905446
0.2667806347549493,0.1455497179718241
0.27281327906717223,0.1453363319182772
0.27884592337939473,0.1451130903729992
0.28487856769161723,0.1448800397340007
0.2909112120038402,0.14463722838664675
0.2969438563160627,0.1443847066869155
0.3029765006282852,0.14412252694399447
0.30900914494050813,0.14385074340222315
0.31504178925273063,0.1435694122223903
0.32107443356495313,0.14327859146239497
0.32710707787717563,0.142978341057281
0.3331397221893986,0.14266872279865406
0.3391723665016211,0.1423498003134915
0.3452050108138436,0.14202163904235507
0.35123765512606653,0.14168430621701666
0.35727029943828903,0.14133787083750865
0.36330294375051153,0.1409824036486085
0.3693355880627345,0.14061797711577007
0.375368232374957,0.14024466540051236
0.3814008766871795,0.1398625443352775
0.3874335209994024,0.13947169139777033
0.3934661653116249,0.13907218568479107
0.39949880962384743,0.13866410788557387
0.4055314539360704,0.13824754025464378
0.4115640982482929,0.13782256658420503
0.4175967425605154,0.13738927217607275
0.4236293868727379,0.13694774381316288
0.4296620311849608,0.13649806973055173
0.4356946754971833,0.13604033958612044
0.4417273198094058,0.13557464443079648
0.4477599641216288,0.13510107667840704
0.4537926084338513,0.1346197300751581
0.4598252527460738,0.1341306996687525
0.4658578970582967,0.13363408177716238
0.4718905413705192,0.1331299739570696
0.4779231856827417,0.13261847497198853
0.48395582999496467,0.13209968476008618
0.48998847430718717,0.1315737044017142
0.4960211186194097,0.13104063608666724
0.5020537629316326,0.1305005830811825
0.5080864072438551,0.12995364969469606
0.5141190515560776,0.12939994124636944
0.5201516958683006,0.12883956403140315
0.5261843401805231,0.12827262528715092
0.5322169844927456,0.12769923315905007
0.5382496288049681,0.12711949666638364
0.544282273117191,0.12653352566788825
0.5503149174294135,0.12594143082722434
0.556347561741636,0.12534332357832192
0.562380206053859,0.12473931609061921
0.5684128503660815,0.12412952123420726
0.574445494678304,0.12351405254489671
0.5804781389905269,0.12289302418922157
0.5865107833027494,0.1222665509293949
0.5925434276149719,0.1216347480882308
0.5985760719271949,0.12099773151404881
0.6046087162394174,0.1203556175455745
0.6106413605516399,0.11970852297685099
0.6166740048638628,0.11905656502217687
0.6227066491760853,0.11839986128108441
0.6287392934883078,0.11773852970337244
0.6347719378005303,0.11707268855420881
0.6408045821127533,0.11640245637931625
0.6468372264249758,0.11572795197025601
0.6528698707371983,0.11504929432982286
0.6589025150494212,0.11436660263756586
0.6649351593616437,0.11367999621544854
0.6709678036738662,0.1129895944936614
0.6770004479860892,0.112295516976601
0.6830330922983117,0.11159788320902878
0.6890657366105342,0.11089681274242177
0.6950983809227571,0.1101924251015295
0.7011310252349796,0.10948483975114912
0.7071636695472021,0.1087741760631306
0.7131963138594251,0.10806055328362608
0.7192289581716476,0.10734409050059407
0.7252616024838701,0.1066249066115707
0.731294246796093,0.10590312029172054
0.7373268911083155,0.10517884996217777
0.743359535420538,0.104452213758689
0.7493921797327605,0.1037233295005695
0.7554248240449835,0.102992314659983
0.761457468357206,0.10225928633155626
0.7674901126694285,0.101524361202338
0.7735227569816514,0.1007876555221134
0.7795554012938739,0.10004928507408349
0.7855880456060964,0.09930936514591868
0.7916206899183194,0.09856801050119669
0.7976533342305419,0.09782533535123394
0.8036859785427644,0.09708145332731806
0.8097186228549873,0.09633647745335189
0.8157512671672098,0.09559052011891644
0.8217839114794323,0.09484369305276051
0.8278165557916553,0.09409610729672566
0.8338492001038778,0.09334787318011371
0.8398818444161003,0.0925991002945038
0.8459144887283232,0.09184989746902622
0.8519471330405457,0.09110037274610032
0.8579797773527682,0.09035063335764139
0.8640124216649907,0.08960078570174448
0.8700450659772136,0.08885093531984976
0.8760777102894362,0.08810118687439589
0.8821103546016587,0.08735164412696556
0.8881429989138816,0.08660240991692954
0.8941756432261041,0.08585358614059345
0.9002082875383266,0.08510527373085097
0.9062409318505495,0.08435757263734893
0.912273576162772,0.08361058180716743
0.9183062204749946,0.08286439916601852
0.9243388647872175,0.08211912159996688
0.93037150909944,0.0813748449376762
0.9364041534116625,0.08063166393318245
0.9424367977238854,0.07988967224919813
0.948469442036108,0.07914896244094898
0.9545020863483304,0.0784096259405445
0.960534730660553,0.0776717530418851
0.9665673749727759,0.07693543288610621
0.9726000192849984,0.07620075344756112
0.9786326635972209,0.07546780152034249
0.9846653079094438,0.07473666270534421
0.9906979522216663,0.07400742139786302
0.9967305965338888,0.07328016077573984
1.0027632408461118,0.07255496278804129
1.0087958851583343,0.07183190814428018
1.0148285294705568,0.07111107630417425
1.0208611737827797,0.0703925454679425
1.0268938180950022,0.06967639256713766
1.0329264624072247,0.06896269325601276
1.0389591067194477,0.06825152190342072
1.0449917510316702,0.06754295158524484
1.0510243953438927,0.06683705407735722
1.0570570396561156,0.06613389984910334
1.0630896839683381,0.06543355805731013
1.0691223282805606,0.06473609654081358
1.0751549725927831,0.06404158181550407
1.081187616905006,0.06335007906988481
1.0872202612172286,0.06266165216114089
1.093252905529451,0.06197636361171373
1.099285549841674,0.061294274606378325
1.1053181941538965,0.060615444989818364
1.111350838466119,0.059939933264694344
1.117383482778342,0.059267796590201066
1.1234161270905645,0.058599090781109184
1.129448771402787,0.05793387030728527
1.13548141571501,0.05727218829368634
1.1415140600272324,0.0566140965208229
1.147546704339455,0.05595964542568451
1.1535793486516779,0.05530888410312323
1.1596119929639004,0.05466186030768853
1.1656446372761229,0.05401862045590743
1.1716772815883454,0.05337920962900433
1.1777099259005679,0.05274367157605386
1.1837425702127913,0.05211204871756043
1.1897752145250138,0.05148438214945825
1.1958078588372363,0.05086071164752418
1.2018405031494588,0.05024107567219789
1.2078731474616813,0.049625511373801584
1.2139057917739038,0.0490140545981525
1.2199384360861263,0.04840673989256103
1.2259710803983497,0.04780360051220714
1.2320037247105722,0.047204668426888356
1.2380363690227947,0.046609974328130487
1.2440690133350172,0.04601954763665547
1.2501016576472397,0.045433416510197146
1.2561343019594622,0.04485160785165832
1.2621669462716856,0.0442741473176007
1.268199590583908,0.04370105932706078
1.2742322348961306,0.04313236707068245
1.280264879208353,0.04256809252015995
1.2862975235205756,0.04200825643798232
1.292330167832798,0.04145287838747146
1.2983628121450215,0.04090197674310593
1.304395456457244,0.040355568701122536
1.3104281007694665,0.039813670290386856
1.316460745081689,0.03927629638352585
1.3224933893939115,0.038743460708313276
1.328526033706134,0.03821517585930029
1.3345586780183565,0.037691453309683036
1.3405913223305799,0.03717230342339889
1.3466239666428024,0.03665773546744357
1.3526566109550249,0.03614775762440004
1.3586892552672474,0.03564237700517239
1.3647218995794699,0.035141599661915456
1.3707545438916924,0.034645430601152466
1.3767871882039158,0.03415387379707259
1.3828198325161383,0.033666932205000596
1.3888524768283608,0.03318460777502961
1.3948851211405833,0.03270690146581025
1.4009177654528058,0.03223381325848731
1.4069504097650283,0.03176534217077624
1.4129830540772517,0.03130148627117156
1.4190156983894742,0.030842242693279752
1.4250483427016967,0.03038760765026775
1.4310809870139192,0.02993757644942076
1.4371136313261417,0.029492143506800645
1.4431462756383642,0.029051302361997697
1.4491789199505867,0.02861504569296828
1.45521156426281,0.028183365330950592
1.4612442085750326,0.02775625227545184
1.467276852887255,0.027333696709298246
1.4733094971994776,0.02691568801374218
1.4793421415117,0.026502214783618076
1.4853747858239226,0.02609326484254069
1.491407430136146,0.02568882525813834
1.4974400744483685,0.025288882357314774
1.503472718760591,0.024893421741531894
1.5095053630728135,0.02450242830210784
1.515538007385036,0.024115886235522875
1.5215706516972585,0.023733779058727044
1.5276032960094819,0.023356089624442904
1.5336359403217044,0.022982800136457572
1.5396685846339269,0.022613892164896815
1.5457012289461494,0.022249346661476363
1.5517338732583719,0.021889143974723593
1.5577665175705944,0.021533263865164028
1.5637991618828169,0.021181685520466807
1.5698318061950403,0.02083438757054345
1.5758644505072628,0.020491348102594675
1.5818970948194853,0.02015254467609916
1.5879297391317078,0.019817954337739762
1.5939623834439303,0.01948755363626151
1.5999950277561528,0.01916131863725639
1.6060276720683762,0.018839224937869967
1.6120603163805987,0.01852124768142534
1.6180929606928212,0.01820736157195891
1.6241256050050437,0.017897540888664357
1.6301582493172662,0.017591759500239775
1.6361908936294887,0.01728999087913371
1.642223537941712,0.01699220811568588
1.6482561822539346,0.016698383932158806
1.654288826566157,0.01640849069665568
1.6603214708783796,0.016122500436921372
1.666354115190602,0.015840384854022463
1.6723867595028246,0.015562115335902689
1.678419403815047,0.015287662970810465
1.6844520481272705,0.015016998560594958
1.690484692439493,0.014750092633867893
1.6965173367517155,0.01448691545902713
1.702549981063938,0.014227437057140059
1.7085826253761605,0.013971627214683244
1.714615269688383,0.013719455496135728
1.7206479140006063,0.013470891256423555
1.7266805583128289,0.013225903653212818
1.7327132026250514,0.012984461659048738
1.7387458469372739,0.012746534073338932
1.7447784912494964,0.012512089534178237
1.7508111355617189,0.012281096530013344
1.7568437798739414,0.012053523411145241
1.7628764241861647,0.011829338401067587
1.7689090684983872,0.011608509607639567
1.7749417128106098,0.011391005034091151
1.7809743571228323,0.0111767925898599
1.7870070014350548,0.010965840101257533
1.7930396457472773,0.010758115321965106
1.7990722900595006,0.010553585943355703
1.8051049343717231,0.010352219604643652
1.8111375786839456,0.010153983902859003
1.8171702229961681,0.009958846402646927
1.8232028673083907,0.009766774645890907
1.8292355116206132,0.009577736161159292
1.8352681559328365,0.009391698472974518
1.841300800245059,0.009208629110904816
1.8473334445572815,0.00902849561847765
1.853366088869504,0.008851265561915083
1.8593987331817265,0.008676906538690625
1.865431377493949,0.008505386185907536
1.8714640218061716,0.008336672188498699
1.877496666118395,0.008170732287248019
1.8835293104306174,0.008007534286633762
1.88956195474284,0.007847046062493724
1.8955945990550624,0.007689235569513018
1.901627243367285,0.0075340708485346535
1.9076598876795074,0.007381520033693432
1.9136925319917308,0.007231551359373782
1.9197251763039533,0.007084133166992316
1.9257578206161758,0.006939233911605467
1.9317904649283983,0.00679682216834348
1.9378231092406208,0.006656866638671284
1.9438557535528433,0.006519336156477314
1.9498883978650667,0.006384199693991236
1.9559210421772892,0.006251426367531738
1.9619536864895117,0.006120985443085264
1.9679863308017342,0.00599284634171718
1.9740189751139567,0.005866978644816428
1.9800516194261792,0.005743352099174939
1.9860842637384017,0.00562193662190327
1.9921169080506251,0.005502702305183736
1.9981495523628476,0.00538561942086265
2.00418219667507,0.0052706584248828755
2.0102148409872926,0.005157789961558598
2.016247485299515,0.005046984867693594
2.0222801296117376,0.00493821417654482
2.028312773923961,0.004831449121632815
2.0343454182361835,0.004726661140400864
2.040378062548406,0.004623821877724311
2.0464107068606285,0.004522903189272187
2.052443351172851,0.004423877144722671
2.0584759954850735,0.004326716030834362
2.064508639797297,0.0042313923543752015
2.0705412841095194,0.004137878844910968
2.076573928421742,0.004046148457455155
2.0826065727339644,0.003956174374982381
2.088639217046187,0.0038679300108071402
2.0946718613584094,0.0037813890108299606
2.100704505670632,0.003696525255652953
2.1067371499828553,0.0036133128625668144
2.112769794295078,0.003531726187411351
2.1188024386073003,0.0034517398263114773
2.124835082919523,0.0033733286172909272
2.1308677272317453,0.003296467641765668
2.136900371543968,0.0032211322259191465
2.1429330158561912,0.003147297941961455
2.1489656601684137,0.0030749406092746463
2.1549983044806362,0.003004036295446108
2.1610309487928587,0.002934561317192376
2.1670635931050812,0.0028664922411753657
2.1730962374173037,0.0027998058847132235
2.1791288817295262,0.0027344793163879
2.1851615260417496,0.0026704898565516237
2.191194170353972,0.002607815077734453
2.1972268146661946,0.0025464328049548818
2.203259458978417,0.0024863211159358886
2.2092921032906396,0.0024274583412283277
2.215324747602862,0.002369823064243932
2.2213573919150855,0.0023133941211999857
2.227390036227308,0.0022581506009778313
2.2334226805395305,0.002204071844897225
2.239455324851753,0.0021511374464087446
2.2454879691639755,0.002099327250706272
2.251520613476198,0.002048621354261632
2.2575532577884214,0.0019990001042834646
2.263585902100644,0.0019504440981023875
2.2696185464128664,0.0019029341824844165
2.275651190725089,0.00185645145287479
2.2816838350373114,0.0018109772525740804
2.287716479349534,0.0017664931718486651
2.2937491236617564,0.0017229810469774813
2.29978176797398,0.0016804229592370479
2.3058144122862023,0.0016388012338266946
2.311847056598425,0.0015980984387358817
2.3178797009106473,0.0015582973835555538
2.32391234522287,0.001519381118235393
2.3299449895350923,0.0014813329317888116
2.3359776338473157,0.001444136350947556
2.342010278159538,0.0014077751387677273
2.3480429224717607,0.0013722332931889662
2.354075566783983,0.0013374950455486713
2.3601082110962057,0.0013035448590529197
2.3661408554084282,0.0012703674272058526
2.3721734997206516,0.0012379476721992087
2.378206144032874,0.0012062707432637352
2.3842387883450966,0.0011753220149840313
2.390271432657319,0.0011450870855785826
2.3963040769695416,0.0011155517751464902
2.402336721281764,0.0010867021238825268
2.4083693655939866,0.0010585243902620587
2.41440200990621,0.001031005049197364
2.4204346542184325,0.0010041307901668798
2.426467298530655,0.000977888515318783
2.4324999428428775,0.0009522653375504575
2.4385325871551,0.0009272485785651938
2.4445652314673225,0.0009028257669075696
2.450597875779546,0.0008789846359788466
2.4566305200917684,0.0008557131220337843
2.462663164403991,0.0008329993621601145
2.4686958087162134,0.0008108316922420609
2.474728453028436,0.0007891986449091028
2.4807610973406584,0.0007680889474712544
2.486793741652882,0.0007474915198420734
2.4928263859651043,0.0007273954724505927
2.498859030277327,0.0007077901041433012
2.5048916745895493,0.0006886649000773727
2.510924318901772,0.0006700095296062007
2.5169569632139943,0.0006518138441583401
2.522989607526217,0.0006340678751109202
2.52902225183844,0.0006167618316585488
2.5350548961506627,0.0005998860986787326
2.541087540462885,0.0005834312345947544
2.5471201847751077,0.0005673879692370146
2.55315282908733,0.0005517472017037293
2.5591854733995527,0.0005364999982218968
2.565218117711776,0.000521637590009419
2.5712507620239986,0.000507151371139236
2.577283406336221,0.0004930328964062765
2.5833160506484436,0.0004792738791980681
2.589348694960666,0.0004658661893697613
2.5953813392728886,0.0004528018511243396
2.601413983585112,0.00044007304089873343
2.6074466278973345,0.0004276720852565792
2.613479272209557,0.00041559145878826263
2.6195119165217795,0.0004038237820189682
2.625544560834002,0.0003923618193253294
2.6315772051462245,0.0003811984768613272
2.637609849458447,0.00037032680049402304
2.6436424937706704,0.0003597399737497063
2.649675138082893,0.0003494313157710143
2.6557077823951154,0.0003393942792855426
2.661740426707338,0.00032962244858648524
2.6677730710195604,0.00032010953752577254
2.673805715331783,0.00031084938752019256
2.6798383596440063,0.000301835965570943
2.685871003956229,0.0002930633622970534
2.6919036482684513,0.0002845257899830737
2.697936292580674,0.0002762175806414481
2.7039689368928963,0.0002681331840899353
2.710001581205119,0.00026026716604443233
2.7160342255173413,0.0002526142062275502
2.7220668698295647,0.00024516909649325685
2.728099514141787,0.0002379267389679005
2.7341321584540097,0.0002308821442078885
2.740164802766232,0.00022403042937430953
2.7461974470784547,0.00021736681642474392
2.752230091390677,0.00021088663032250705
2.7582627357029006,0.00020458529726354485
2.764295380015123,0.00019845834292120168
2.7703280243273456,0.00019250139070903547
2.776360668639568,0.00018671016006188232
2.7823933129517906,0.00018108046473532127
2.788425957264013,0.00017560821112369375
2.7944586015762365,0.000170289396596818
2.800491245888459,0.00016512010785552686
2.8065238902006815,0.00016009651930612767
2.812556534512904,0.00015521489145390183
2.8185891788251265,0.00015047156931571792
2.824621823137349,0.00014586298085183963
2.8306544674495715,0.00014138563541699184
2.836687111761795,0.0001370361222307341
2.8427197560740174,0.0001328111088671927
2.84875240038624,0.00012870733976416593
2.8547850446984624,0.00012472163475164225
2.860817689010685,0.00012085088759972779
2.8668503333229074,0.00011709206458599207
2.872882977635131,0.00011344220308221905
2.8789156219473533,0.0001098984101605514
2.884948266259576,0.0001064578612189932
2.8909809105717983,0.00010311779862624617
2.897013554884021,9.987553038583007e-05
2.9030461991962433,9.672842881943699e-05
2.9090788435084667,9.367392926946315e-05
2.915111487820689,9.07095288206508e-05
2.9211441321329117,8.783278504076407e-05
2.927176776445134,8.504131474022504e-05
2.9332094207573567,8.233279275061796e-05
2.939242065069579,7.970495072197003e-05
2.9452747093818017,7.715557593871018e-05
2.951307353694025,7.468251015420023e-05
2.9573399980062476,7.228364844372895e-05
2.96337264231847,6.99569380758486e-05
2.9694052866306926,6.770037740194014e-05
2.975437930942915,6.551201476387403e-05
2.9814705752551376,6.338994741964007e-05
2.987503219567361,6.133232048680914e-05
2.9935358638795835,5.933732590368908e-05
2.999568508191806,5.740320140802711e-05
3.0056011525040285,5.5528229533118384e-05
3.011633796816251,5.3710736621162795e-05
3.0176664411284735,5.194909185372046e-05
3.023699085440697,5.024170629910554e-05
3.0297317297529194,4.858703197656061e-05
3.035764374065142,4.69835609370435e-05
3.0417970183773644,4.5429824360466955e-05
3.047829662689587,4.3924391669217155e-05
3.0538623070018094,4.246586965778301e-05
3.059894951314032,4.1052901638322685e-05
3.0659275956262553,3.9684166601991854e-05
3.0719602399384778,3.835837839585932e-05
3.0779928842507003,3.707428491522714e-05
3.084025528562923,3.583066731118027e-05
3.0900581728751453,3.46263392131824e-05
3.096090817187368,3.346014596653448e-05
3.102123461499591,3.233096388451463e-05
3.1081561058118137,3.123769951501458e-05
3.114188750124036,3.0179288921485566e-05
3.1202213944362587,2.9154696978011075e-05
3.126254038748481,2.816291667831744e-05
3.1322866830607037,2.7202968458537457e-05
3.138319327372926,2.6273899533538156e-05
3.1443519716851496,2.5374783246627046e-05
3.150384615997372,2.4504718432449373e-05
3.1564172603095946,2.3662828792887606e-05
3.162449904621817,2.2848262285778104e-05
3.1684825489340396,2.2060190526256863e-05
3.174515193246262,2.129780820054797e-05
3.1805478375584855,2.056033249200859e-05
3.186580481870708,1.984700251924566e-05
3.1926131261829305,1.9157078786117045e-05
3.198645770495153,1.8489842643435875e-05
